Date,Close,High,Low,Open,Volume
1992-02-01,7.6875,8.25,6.875,7.125,14922400
1992-03-01,8.0,8.8125,7.5625,7.625,9529600
1992-04-01,7.25,7.9375,6.25,7.9375,7537200
1992-05-01,6.84375,8.5625,6.59375,7.375,7208800
1992-06-01,7.0,8.375,6.1875,6.8125,8899200
1992-07-01,6.5,7.0,5.5625,6.9375,15638800
1992-08-01,6.25,6.5625,5.75,6.5,15734800
1992-09-01,7.375,7.4375,6.125,6.25,22660000
1992-10-01,7.5625,8.25,6.375,7.25,21548400
1992-11-01,7.8125,8.875,7.5,7.5,12860400
1992-12-01,8.65625,8.84375,7.4375,7.75,12378000
1993-01-01,8.4375,9.625,8.0,8.625,17267200
1993-02-01,8.0,8.8125,7.1875,8.34375,14248400
1993-03-01,8.375,8.5625,6.4375,8.03125,19622400
1993-04-01,8.78125,9.1875,7.3125,8.4375,14874000
1993-05-01,10.125,10.5625,8.4375,8.8125,17381200
1993-06-01,11.375,11.75,9.3125,10.0,15035600
1993-07-01,12.1875,12.6875,10.1875,10.875,18376000
1993-08-01,12.0625,12.9375,11.75,12.3125,11854800
1993-09-01,11.875,12.875,11.1875,12.0,14121600
1993-10-01,12.875,13.1875,10.875,11.875,19402800
1993-11-01,11.3125,13.1875,10.8125,12.9375,14797600
1993-12-01,11.3125,12.4375,9.6875,11.3125,19396000
1994-01-01,11.28125,12.125,10.125,11.25,21422800
1994-02-01,11.21875,11.75,10.03125,11.125,18864000
1994-03-01,10.9375,11.6875,9.875,11.21875,21739200
1994-04-01,10.0,11.375,8.4375,10.5625,22463600
1994-05-01,9.46875,10.1875,8.6875,9.875,13989200
1994-06-01,9.375,10.9375,8.25,9.5625,16073200
1994-07-01,9.625,10.25,8.6875,9.375,13814400
1994-08-01,10.375,11.0,9.0,9.6875,17556800
1994-09-01,11.3125,12.1875,9.9375,10.0625,12672400
1994-10-01,11.53125,12.125,10.5,11.3125,22293600
1994-11-01,10.296875,11.75,10.25,11.375,8372400
1994-12-01,10.9375,11.5625,9.875,10.3125,16208800
1995-01-01,11.3125,12.625,10.6875,10.6875,21234000
1995-02-01,11.8125,12.5625,11.3125,11.3125,14699200
1995-03-01,11.9375,13.6875,11.6875,11.8125,17762800
1995-04-01,13.5625,13.9375,11.75,11.875,21227600
1995-05-01,13.5625,14.8125,12.9375,13.5625,21182400
1995-06-01,15.65625,15.6875,13.5625,13.6875,11822800
1995-07-01,16.125,16.8125,14.4375,15.6875,24756000
1995-08-01,14.5,16.625,14.3125,16.0625,15295200
1995-09-01,15.375,17.25,14.0625,14.375,15998600
1995-10-01,18.75,19.25,11.5,15.625,22217000
1995-11-01,17.25,19.0,16.375,18.5,11492600
1995-12-01,19.0,19.125,16.25,17.5,10794600
1996-01-01,14.625,18.875,13.75,18.75,21549600
1996-02-01,16.375,18.0,14.625,14.625,13662600
1996-03-01,16.0,17.375,14.5,16.4375,16230400
1996-04-01,20.625,20.875,14.875,16.125,21380200
1996-05-01,22.375,23.25,19.0,20.625,14409400
1996-06-01,19.875,23.375,18.25,22.75,13589600
1996-07-01,18.625,20.625,15.375,19.875,18898000
1996-08-01,19.0,21.25,18.25,18.5,13607400
1996-09-01,23.0625,25.25,18.5625,18.875,16808800
1996-10-01,22.5,25.0,19.875,23.125,15558400
1996-11-01,22.125,24.375,22.0,22.625,10607000
1996-12-01,23.125,23.25,20.625,22.125,8937400
1997-01-01,22.078125,23.125,19.3125,22.90625,32969800
1997-02-01,17.84375,22.3125,16.875,22.0,22797400
1997-03-01,12.5,18.125,12.125,17.875,33970000
1997-04-01,15.9375,16.125,10.875,12.0,35647200
1997-05-01,18.6875,18.8125,15.625,16.1875,25393400
1997-06-01,18.375,19.0,16.375,18.5625,25144200
1997-07-01,16.8125,20.125,14.75,18.53125,52043200
1997-08-01,17.3125,18.5,16.75,16.9375,30046800
1997-09-01,21.25,22.59375,16.25,17.375,41179200
1997-10-01,19.4375,22.5625,16.9375,21.28125,43244400
1997-11-01,20.5625,21.6875,17.875,19.625,21773600
1997-12-01,17.875,23.5625,16.875,20.6875,52933000
1998-01-01,15.46875,17.875,14.6875,17.875,40545200
1998-02-01,17.46875,18.71875,15.5625,15.6875,26292000
1998-03-01,16.375,17.625,14.5625,17.5,34152600
1998-04-01,21.5,21.5625,14.8125,16.3125,54432400
1998-05-01,21.46875,23.125,19.6875,21.1875,27571000
1998-06-01,22.875,23.0625,20.0,21.375,38559800
1998-07-01,19.0,23.03125,18.3125,23.03125,27469600
1998-08-01,13.0625,19.0,12.25,18.75,37153200
1998-09-01,16.65625,17.875,12.875,13.0625,23074000
1998-10-01,22.625,22.734375,13.46875,16.53125,37009400
1998-11-01,23.6875,25.34375,21.6875,22.5,27054400
1998-12-01,27.125,27.25,22.71875,23.4375,24773400
1999-01-01,29.03125,30.625,26.5,26.9375,25864000
1999-02-01,23.125,29.96875,21.75,28.8125,24173800
1999-03-01,26.875,27.25,22.3125,23.125,29593400
1999-04-01,23.5625,27.0,18.5625,26.9375,64486800
1999-05-01,22.1875,26.375,20.53125,24.3125,25893400
1999-06-01,27.59375,29.59375,21.15625,22.0625,38915800
1999-07-01,30.09375,31.625,26.625,27.5625,27301600
1999-08-01,27.96875,30.625,26.5625,30.1875,23889400
1999-09-01,28.078125,32.5625,27.953125,27.96875,22857800
1999-10-01,31.15625,31.34375,26.6875,28.0,32088400
1999-11-01,36.1875,36.65625,30.0,31.375,39771400
1999-12-01,33.375,37.8125,29.0,36.5,54030000
2000-01-01,23.09375,34.3125,20.8125,33.75,65959200
2000-02-01,19.96875,26.375,18.4375,23.3125,140844200
2000-03-01,24.375,26.25,19.0,20.15625,68625600
2000-04-01,21.0,24.46875,18.5,24.46875,48517600
2000-05-01,23.65625,24.0,18.625,21.4375,41469200
2000-06-01,17.28125,26.46875,17.1875,23.71875,79945400
2000-07-01,16.28125,19.0,15.1875,18.1875,59980800
2000-08-01,18.53125,18.6875,12.96875,14.5625,104146000
2000-09-01,18.9375,19.5625,17.8125,18.59375,33570400
2000-10-01,17.4375,20.4375,15.65625,18.9375,39344600
2000-11-01,19.5,19.59375,16.65625,17.265625,24035800
2000-12-01,23.71875,25.125,19.25,19.4375,57322800
2001-01-01,26.0,28.25,21.84375,23.515625,69531200
2001-02-01,27.15625,29.21875,24.0625,27.34375,43179200
2001-03-01,23.46875,31.0625,20.921875,26.4375,87679000
2001-04-01,28.71500015258789,28.954999923706055,21.625,23.5,73205200
2001-05-01,28.440000534057617,31.5049991607666,26.3799991607666,28.424999237060547,49708000
2001-06-01,24.19499969482422,30.5,22.5,28.46500015258789,78479400
2001-07-01,25.875,26.790000915527344,21.760000228881836,24.0049991607666,48163800
2001-08-01,23.06999969482422,27.975000381469727,22.19499969482422,26.325000762939453,58061400
2001-09-01,20.05500030517578,23.69499969482422,18.075000762939453,23.09000015258789,42838800
2001-10-01,23.5,25.200000762939453,19.0,19.895000457763672,53245600
2001-11-01,27.514999389648438,29.575000762939453,23.549999237060547,23.594999313354492,40479000
2001-12-01,29.53499984741211,30.0049991607666,23.875,27.34000015258789,86319800
2002-01-01,25.940000534057617,29.71500015258789,25.2549991607666,29.5,58916800
2002-02-01,23.549999237060547,26.7450008392334,22.385000228881836,25.94499969482422,63682400
2002-03-01,27.579999923706055,28.209999084472656,23.65999984741211,23.729999542236328,40293000
2002-04-01,22.55500030517578,27.420000076293945,21.934999465942383,27.19499969482422,51256200
2002-05-01,25.219999313354492,26.875,20.25,22.545000076293945,72746800
2002-06-01,27.405000686645508,27.864999771118164,23.450000762939453,25.299999237060547,81508600
2002-07-01,21.385000228881836,27.405000686645508,19.690000534057617,27.350000381469727,91417400
2002-08-01,21.575000762939453,23.760000228881836,19.135000228881836,21.174999237060547,65014800
2002-09-01,19.075000762939453,23.424999237060547,18.75,21.094999313354492,61558800
2002-10-01,18.924999237060547,19.899999618530273,15.904999732971191,19.190000534057617,101409400
2002-11-01,25.989999771118164,26.5,18.524999618530273,18.889999389648438,79783400
2002-12-01,23.075000762939453,26.489999771118164,21.405000686645508,25.924999237060547,62622000
2003-01-01,19.334999084472656,23.565000534057617,18.53499984741211,23.049999237060547,78781400
2003-02-01,20.389999389648438,20.75,17.770000457763672,19.485000610351562,36908400
2003-03-01,21.28499984741211,22.969999313354492,19.770000457763672,20.434999465942383,44358000
2003-04-01,24.30500030517578,24.735000610351562,21.18000030517578,21.389999389648438,48743200
2003-05-01,30.645000457763672,31.0,24.4950008392334,24.875,94945400
2003-06-01,30.96500015258789,32.064998626708984,29.5,30.739999771118164,59492600
2003-07-01,31.295000076293945,33.25,29.049999237060547,30.825000762939453,43825200
2003-08-01,34.10499954223633,34.875,29.80500030517578,31.25,64692000
2003-09-01,30.90999984741211,34.630001068115234,30.40999984741211,34.064998626708984,40932800
2003-10-01,31.719999313354492,32.970001220703125,25.760000228881836,30.760000228881836,66567100
2003-11-01,29.959999084472656,32.52000045776367,28.3799991607666,31.610000610351562,29715700
2003-12-01,33.86000061035156,34.83000183105469,30.09000015258789,30.09000015258789,45988500
2004-01-01,35.290000915527344,37.5,33.470001220703125,33.72999954223633,37924800
2004-02-01,29.6200008392334,36.77000045776367,27.950000762939453,35.25,47307200
2004-03-01,28.729999542236328,31.329999923706055,27.219999313354492,29.610000610351562,33493600
2004-04-01,26.729999542236328,30.979999542236328,26.56999969482422,28.75,29064800
2004-05-01,29.600000381469727,30.450000762939453,25.0,26.950000762939453,33300000
2004-06-01,28.43000030517578,30.700000762939453,28.010000228881836,29.25,26779300
2004-07-01,25.25,28.510000228881836,23.649999618530273,28.229999542236328,25412100
2004-08-01,15.960000038146973,23.0,14.34000015258789,21.940000534057617,96666600
2004-09-01,15.760000228881836,17.200000762939453,15.420000076293945,15.5600004196167,36956000
2004-10-01,16.239999771118164,16.8799991607666,15.510000228881836,16.09000015258789,29853800
2004-11-01,17.6299991607666,18.559999465942383,16.049999237060547,16.100000381469727,25746200
2004-12-01,19.549999237060547,19.899999618530273,17.350000381469727,17.850000381469727,41444500
2005-01-01,17.0,19.850000381469727,16.719999313354492,19.729999542236328,29223900
2005-02-01,18.100000381469727,19.399999618530273,16.639999389648438,17.200000762939453,28441200
2005-03-01,18.100000381469727,18.670000076293945,17.469999313354492,18.059999465942383,21064900
2005-04-01,16.440000534057617,18.299999237060547,16.18000030517578,18.239999771118164,22664500
2005-05-01,18.06999969482422,18.5,16.43000030517578,16.489999771118164,18824100
2005-06-01,16.670000076293945,18.799999237060547,16.440000534057617,18.059999465942383,23111800
2005-07-01,18.510000228881836,18.530000686645508,16.420000076293945,16.530000686645508,13624700
2005-08-01,19.0,19.280000686645508,16.829999923706055,18.540000915527344,32327000
2005-09-01,18.899999618530273,19.09000015258789,18.0,18.670000076293945,26129700
2005-10-01,18.950000762939453,19.540000915527344,18.25,18.8700008392334,16369600
2005-11-01,19.56999969482422,20.31999969482422,18.190000534057617,18.969999313354492,25836500
2005-12-01,20.059999465942383,21.190000534057617,19.760000228881836,20.25,31931200
2006-01-01,22.110000610351562,22.360000610351562,19.829999923706055,20.219999313354492,24426000
2006-02-01,21.8700008392334,24.25,21.65999984741211,21.969999313354492,31313800
2006-03-01,22.350000381469727,22.899999618530273,21.1299991607666,21.5,25959000
2006-04-01,21.829999923706055,22.479999542236328,21.0,22.3700008392334,13763300
2006-05-01,20.43000030517578,22.059999465942383,20.149999618530273,21.899999618530273,21413400
2006-06-01,18.770000457763672,20.690000534057617,18.239999771118164,20.489999771118164,22923300
2006-07-01,17.899999618530273,19.350000381469727,17.06999969482422,18.760000228881836,20791300
2006-08-01,18.959999084472656,19.149999618530273,17.450000762939453,17.709999084472656,20048400
2006-09-01,19.719999313354492,20.0,18.31999969482422,18.75,11454200
2006-10-01,22.510000228881836,22.770000457763672,19.25,19.649999618530273,18193500
2006-11-01,25.549999237060547,26.0,21.84000015258789,22.649999618530273,28117700
2006-12-01,26.729999542236328,27.15999984741211,25.010000228881836,25.440000534057617,27616800
2007-01-01,26.600000381469727,27.489999771118164,26.010000228881836,26.700000762939453,21833900
2007-02-01,25.579999923706055,26.899999618530273,25.239999771118164,26.729999542236328,23200200
2007-03-01,26.229999542236328,27.010000228881836,24.020000457763672,24.600000381469727,25784200
2007-04-01,27.65999984741211,28.260000228881836,25.600000381469727,26.110000610351562,15756600
2007-05-01,26.520000457763672,28.670000076293945,24.959999084472656,27.84000015258789,27326900
2007-06-01,26.43000030517578,28.079999923706055,26.149999618530273,26.520000457763672,29310200
2007-07-01,24.459999084472656,27.5,24.440000534057617,26.610000610351562,21564700
2007-08-01,27.31999969482422,27.350000381469727,22.010000228881836,24.329999923706055,44748600
2007-09-01,27.079999923706055,27.149999618530273,25.610000610351562,26.670000076293945,17809100
2007-10-01,28.260000228881836,29.110000610351562,26.649999618530273,27.010000228881836,22102200
2007-11-01,24.610000610351562,28.1299991607666,22.8799991607666,28.100000381469727,24356200
2007-12-01,25.93000030517578,27.889999389648438,23.600000381469727,24.40999984741211,29004300
2008-01-01,22.020000457763672,25.90999984741211,21.610000610351562,25.8799991607666,29007900
2008-02-01,23.209999084472656,24.81999969482422,21.610000610351562,22.06999969482422,31474000
2008-03-01,22.709999084472656,23.6299991607666,21.1299991607666,23.030000686645508,27669600
2008-04-01,23.110000610351562,24.0,21.799999237060547,22.799999237060547,19980200
2008-05-01,26.350000381469727,26.610000610351562,23.049999237060547,23.049999237060547,26240500
2008-06-01,23.899999618530273,26.280000686645508,23.690000534057617,26.229999542236328,33438100
2008-07-01,24.020000457763672,24.760000228881836,23.239999771118164,23.709999084472656,33692100
2008-08-01,21.530000686645508,24.989999771118164,19.59000015258789,24.170000076293945,35581400
2008-09-01,19.950000762939453,21.979999542236328,19.40999984741211,21.520000457763672,35952900
2008-10-01,18.280000686645508,20.170000076293945,15.220000267028809,19.8799991607666,34613600
2008-11-01,16.030000686645508,18.760000228881836,13.9399995803833,18.06999969482422,27492100
2008-12-01,18.520000457763672,18.700000762939453,14.449999809265137,15.850000381469727,39542300
2009-01-01,18.5,19.68000030517578,17.989999771118164,18.309999465942383,29898400
2009-02-01,18.6299991607666,20.139999389648438,18.010000228881836,18.350000381469727,30175100
2009-03-01,20.729999542236328,21.209999084472656,17.219999313354492,17.34000015258789,30376600
2009-04-01,21.780000686645508,22.040000915527344,20.440000534057617,20.84000015258789,22734100
2009-05-01,19.479999542236328,22.290000915527344,18.850000381469727,21.950000762939453,30809200
2009-06-01,19.510000228881836,20.170000076293945,18.610000610351562,19.459999084472656,30617000
2009-07-01,19.979999542236328,20.649999618530273,17.829999923706055,19.530000686645508,29809000
2009-08-01,21.229999542236328,21.780000686645508,19.489999771118164,19.920000076293945,24957300
2009-09-01,22.420000076293945,23.0,20.559999465942383,20.809999465942383,33039600
2009-10-01,22.020000457763672,23.579999923706055,21.6299991607666,22.40999984741211,28414900
2009-11-01,22.469999313354492,23.739999771118164,21.799999237060547,22.010000228881836,24005300
2009-12-01,22.280000686645508,22.770000457763672,20.389999389648438,22.520000457763672,41546000
2010-01-01,21.270000457763672,22.56999969482422,20.920000076293945,22.209999084472656,27828900
2010-02-01,21.899999618530273,22.170000076293945,20.709999084472656,21.3700008392334,28181000
2010-03-01,22.3700008392334,23.0,21.719999313354492,21.719999313354492,22792100
2010-04-01,22.65999984741211,23.450000762939453,22.389999389648438,22.40999984741211,22246000
2010-05-01,21.420000076293945,22.989999771118164,20.469999313354492,22.729999542236328,35340000
2010-06-01,20.8700008392334,22.549999237060547,20.579999923706055,21.25,32340600
2010-07-01,21.84000015258789,22.350000381469727,20.270000457763672,20.850000381469727,25566400
2010-08-01,22.860000610351562,23.209999084472656,21.350000381469727,22.059999465942383,28365200
2010-09-01,24.770000457763672,24.950000762939453,22.950000762939453,23.0,21120400
2010-10-01,25.579999923706055,25.709999084472656,24.389999389648438,24.8799991607666,15825500
2010-11-01,25.690000534057617,25.989999771118164,24.459999084472656,25.559999465942383,16476200
2010-12-01,26.90999984741211,27.43000030517578,24.6200008392334,25.899999618530273,22379000
2011-01-01,27.1299991607666,27.600000381469727,26.18000030517578,27.049999237060547,20536100
2011-02-01,27.719999313354492,29.350000381469727,27.149999618530273,27.360000610351562,22221900
2011-03-01,27.649999618530273,28.020000457763672,25.850000381469727,27.700000762939453,22523400
2011-04-01,27.389999389648438,27.899999618530273,26.1200008392334,27.719999313354492,11282000
2011-05-01,27.34000015258789,27.899999618530273,26.3799991607666,27.440000534057617,16855800
2011-06-01,25.709999084472656,27.479999542236328,24.719999313354492,27.299999237060547,21887200
2011-07-01,23.969999313354492,26.290000915527344,23.510000228881836,25.780000686645508,13138300
2011-08-01,25.8799991607666,26.200000762939453,21.3700008392334,24.219999313354492,35438300
2011-09-01,24.360000610351562,26.25,23.649999618530273,25.729999542236328,26517500
2011-10-01,26.809999465942383,27.489999771118164,23.040000915527344,24.170000076293945,24406000
2011-11-01,27.969999313354492,27.969999313354492,25.899999618530273,26.030000686645508,20493400
2011-12-01,27.200000762939453,28.049999237060547,26.420000076293945,28.0,19532800
2012-01-01,29.170000076293945,29.540000915527344,26.329999923706055,27.530000686645508,15617700
2012-02-01,30.469999313354492,30.850000381469727,29.219999313354492,29.389999389648438,20502800
2012-03-01,30.65999984741211,31.049999237060547,29.1200008392334,30.299999237060547,16580100
2012-04-01,30.010000228881836,31.059999465942383,28.93000030517578,30.670000076293945,12137700
2012-05-01,29.549999237060547,30.610000610351562,27.149999618530273,30.049999237060547,17380700
2012-06-01,29.43000030517578,29.469999313354492,27.739999771118164,29.1299991607666,13468500
2012-07-01,30.290000915527344,31.100000381469727,29.200000762939453,29.43000030517578,15559300
2012-08-01,33.029998779296875,33.91999816894531,29.760000228881836,30.360000610351562,16336600
2012-09-01,32.9900016784668,34.20000076293945,32.279998779296875,32.36000061035156,15422800
2012-10-01,32.20000076293945,33.18000030517578,31.549999237060547,33.09000015258789,10993900
2012-11-01,32.86000061035156,33.33000183105469,31.020000457763672,32.20000076293945,13824900
2012-12-01,31.84000015258789,33.47999954223633,31.309999465942383,33.040000915527344,14518600
2013-01-01,33.439998626708984,33.95000076293945,31.34000015258789,32.380001068115234,23608900
2013-02-01,35.029998779296875,36.0,33.52000045776367,33.52000045776367,19297700
2013-03-01,35.880001068115234,35.93000030517578,34.040000915527344,34.58000183105469,15103500
2013-04-01,35.56999969482422,35.900001525878906,33.5,35.900001525878906,14642400
2013-05-01,36.439998626708984,36.810001373291016,34.84000015258789,35.58000183105469,11927300
2013-06-01,35.75,37.02000045776367,34.83000183105469,36.40999984741211,13647200
2013-07-01,37.040000915527344,37.88999938964844,35.130001068115234,35.790000915527344,9873400
2013-08-01,36.2599983215332,38.099998474121094,36.130001068115234,37.38999938964844,10474500
2013-09-01,37.70000076293945,38.13999938964844,35.27000045776367,36.06999969482422,13927700
2013-10-01,36.41999816894531,38.400001525878906,34.54999923706055,37.70000076293945,11875900
2013-11-01,36.630001068115234,36.939998626708984,35.529998779296875,36.540000915527344,8526800
2013-12-01,40.56999969482422,40.790000915527344,36.0,36.4900016784668,19285700
2014-01-01,39.86000061035156,41.619998931884766,39.459999084472656,40.33000183105469,14873200
2014-02-01,40.400001525878906,41.25,38.25,39.79999923706055,16410700
2014-03-01,38.40999984741211,40.7400016784668,37.70000076293945,39.41999816894531,17265700
2014-04-01,37.619998931884766,39.0,36.029998779296875,38.4900016784668,13505100
2014-05-01,38.4900016784668,39.470001220703125,36.56999969482422,37.77000045776367,12370000
2014-06-01,38.81999969482422,39.5,37.779998779296875,38.619998931884766,12010800
2014-07-01,37.77000045776367,39.54999923706055,37.75,38.849998474121094,14080900
2014-08-01,40.900001525878906,42.54999923706055,37.27000045776367,37.72999954223633,11516400
2014-09-01,39.70000076293945,41.63999938964844,39.529998779296875,40.56999969482422,10675800
2014-10-01,40.97999954223633,41.34000015258789,36.619998931884766,39.599998474121094,13863700
2014-11-01,43.38999938964844,43.9900016784668,40.970001220703125,41.060001373291016,7763300
2014-12-01,43.470001220703125,45.029998779296875,42.0099983215332,43.18000030517578,15074700
2015-01-01,42.9900016784668,44.189998626708984,41.599998474121094,43.72999954223633,12181800
2015-02-01,46.40999984741211,47.369998931884766,42.20000076293945,43.02000045776367,13535800
2015-03-01,46.31999969482422,47.2400016784668,45.0,46.2400016784668,13563700
2015-04-01,46.880001068115234,48.11000061035156,45.810001373291016,46.29999923706055,12334500
2015-05-01,49.88999938964844,50.20000076293945,46.439998626708984,47.09000015258789,14823400
2015-06-01,50.650001525878906,51.0,49.04999923706055,50.150001525878906,16972200
2015-07-01,50.84000015258789,51.349998474121094,48.849998474121094,50.83000183105469,14024700
2015-08-01,46.93000030517578,52.650001525878906,43.459999084472656,50.720001220703125,18384800
2015-09-01,46.18000030517578,48.40999984741211,45.380001068115234,45.86000061035156,19544300
2015-10-01,49.97999954223633,50.59000015258789,45.54999923706055,46.16999816894531,15969900
2015-11-01,50.08000183105469,52.779998779296875,47.72999954223633,50.09000015258789,15172600
2015-12-01,45.61000061035156,50.86000061035156,44.38999938964844,50.47999954223633,23161500
2016-01-01,42.900001525878906,46.0,39.2599983215332,45.11000061035156,20534800
2016-02-01,44.75,46.400001525878906,40.36000061035156,42.619998931884766,26238800
2016-03-01,48.439998626708984,48.599998474121094,44.06999969482422,44.70000076293945,18956500
2016-04-01,47.52000045776367,49.369998931884766,47.209999084472656,48.2400016784668,15677800
2016-05-01,51.66999816894531,51.9900016784668,46.68000030517578,47.52000045776367,16166100
2016-06-01,54.08000183105469,54.099998474121094,50.66999816894531,51.380001068115234,21127700
2016-07-01,54.15999984741211,55.209999084472656,53.02000045776367,53.900001525878906,17751700
2016-08-01,59.290000915527344,59.59000015258789,53.529998779296875,54.31999969482422,18335800
2016-09-01,59.349998474121094,60.0,57.43000030517578,58.959999084472656,16323000
2016-10-01,59.310001373291016,61.36000061035156,58.150001525878906,59.29999923706055,14164900
2016-11-01,60.47999954223633,62.0,57.54999923706055,59.25,16961600
2016-12-01,58.86000061035156,61.04999923706055,56.029998779296875,58.52000045776367,18843100
2017-01-01,62.88999938964844,62.95000076293945,59.040000915527344,59.27000045776367,11714400
2017-02-01,71.44000244140625,73.08000183105469,62.2400016784668,63.060001373291016,18873900
2017-03-01,72.12999725341797,72.41999816894531,69.41999816894531,71.44000244140625,52496400
2017-04-01,73.69999694824219,74.22000122070312,70.62999725341797,72.43000030517578,18853800
2017-05-01,74.87000274658203,75.33999633789062,70.55000305175781,73.87000274658203,29059000
2017-06-01,72.93000030517578,76.56999969482422,72.4000015258789,75.02999877929688,23723600
2017-07-01,76.56999969482422,77.29000091552734,71.94000244140625,73.37000274658203,13149200
2017-08-01,80.41999816894531,80.44999694824219,75.52999877929688,76.9000015258789,19129600
2017-09-01,80.52999877929688,81.56999969482422,78.66000366210938,80.05000305175781,17045800
2017-10-01,86.5199966430664,87.47000122070312,80.66999816894531,80.66999816894531,16804700
2017-11-01,90.37999725341797,94.80000305175781,85.68000030517578,87.06999969482422,22186900
2017-12-01,85.23999786376953,91.44999694824219,85.05000305175781,90.41999816894531,28308600
2018-01-01,92.61000061035156,94.13999938964844,85.08000183105469,85.9000015258789,17351900
2018-02-01,84.66999816894531,92.94000244140625,82.0999984741211,91.88999938964844,26867900
2018-03-01,83.23999786376953,89.9800033569336,82.1500015258789,84.66999816894531,20102300
2018-04-01,85.51000213623047,86.2699966430664,80.12999725341797,83.01000213623047,21596600
2018-05-01,88.06999969482422,91.63999938964844,85.13999938964844,85.4000015258789,23142100
2018-06-01,85.56999969482422,91.66999816894531,84.01000213623047,88.48999786376953,18202300
2018-07-01,89.43000030517578,93.66000366210938,84.75,85.12999725341797,20961600
2018-08-01,102.13999938964844,102.91000366210938,89.0199966430664,89.2300033569336,24929500
2018-09-01,98.61000061035156,103.4000015258789,97.9000015258789,101.54000091552734,22915200
2018-10-01,89.52999877929688,99.30999755859375,85.0,99.16000366210938,32280300
2018-11-01,91.94000244140625,94.44000244140625,82.76000213623047,89.55000305175781,25390000
2018-12-01,84.23999786376953,93.8499984741211,79.13999938964844,92.95999908447266,28414200
2019-01-01,93.3499984741211,93.83999633789062,81.02999877929688,82.37000274658203,22570800
2019-02-01,101.68000030517578,104.19999694824219,92.9000015258789,93.51000213623047,21671700
2019-03-01,115.1500015258789,115.20999908447266,100.6500015258789,102.16999816894531,25745200
2019-04-01,121.08000183105469,121.37000274658203,113.80999755859375,116.48999786376953,21801000
2019-05-01,116.44000244140625,124.12000274658203,113.94000244140625,121.31999969482422,27156100
2019-06-01,128.69000244140625,130.63999938964844,112.75,116.55000305175781,27393700
2019-07-01,132.75999450683594,138.72000122070312,130.13999938964844,131.39999389648438,19474900
2019-08-01,141.80999755859375,142.94000244140625,123.8499984741211,133.35000610351562,24171700
2019-09-01,137.25,146.66000366210938,132.50999450683594,140.0800018310547,22004400
2019-10-01,135.75,141.89999389648438,131.5800018310547,137.52999877929688,18779700
2019-11-01,141.0399932861328,143.0,133.83999633789062,136.39999389648438,17477500
2019-12-01,139.1999969482422,144.24000549316406,130.72000122070312,141.7899932861328,24190300
2020-01-01,147.50999450683594,156.97000122070312,139.6999969482422,140.30999755859375,19513100
2020-02-01,137.92999267578125,166.8699951171875,131.50999450683594,148.77000427246094,29771000
2020-03-01,128.7899932861328,146.9600067138672,104.9000015258789,137.9600067138672,38563000
2020-04-01,157.1199951171875,158.9600067138672,122.51000213623047,122.87999725341797,23381800
2020-05-01,180.91000366210938,181.97000122070312,147.97999572753906,153.67999267578125,20515700
2020-06-01,195.0,197.66000366210938,176.14999389648438,180.91000366210938,22699400
2020-07-01,199.22000122070312,204.89999389648438,188.82000732421875,194.74000549316406,16043900
2020-08-01,221.3000030517578,222.02999877929688,190.5,200.74000549316406,17550500
2020-09-01,213.97999572753906,230.1199951171875,193.5500030517578,221.17999267578125,17194900
2020-10-01,213.86000061035156,232.74000549316406,210.3300018310547,216.3699951171875,13312500
2020-11-01,227.5,246.69000244140625,211.1999969482422,215.52000427246094,15615500
2020-12-01,259.239990234375,261.1300048828125,222.0,226.36000061035156,17267200
2021-01-01,255.4499969482422,280.1099853515625,249.25999450683594,260.0,13426900
2021-02-01,245.2100067138672,300.9100036621094,242.1300048828125,259.9599914550781,18358600
2021-03-01,247.77999877929688,257.2300109863281,217.69000244140625,249.33999633789062,26583100
2021-04-01,247.05999755859375,264.30999755859375,246.0,251.7899932861328,16509400
2021-05-01,254.33999633789062,259.1300048828125,225.02000427246094,248.91000366210938,20784300
2021-06-01,275.7900085449219,277.5299987792969,247.8699951171875,253.9199981689453,17722500
2021-07-01,287.989990234375,288.3500061035156,272.17999267578125,276.6099853515625,13105600
2021-08-01,332.239990234375,335.010009765625,286.010009765625,289.82000732421875,15207900
2021-09-01,299.4100036621094,340.6600036621094,298.30999755859375,331.69000244140625,15283000
2021-10-01,333.17999267578125,333.6400146484375,287.0199890136719,299.4100036621094,12592000
2021-11-01,341.0,361.2200012207031,328.2699890136719,333.45001220703125,12219500
2021-12-01,368.5,377.6000061035156,334.1000061035156,344.739990234375,19411300
2022-01-01,310.5,371.7300109863281,279.42999267578125,367.1300048828125,18698800
2022-02-01,312.3900146484375,324.5199890136719,275.0,311.8399963378906,18377300
2022-03-01,333.2699890136719,342.5899963378906,277.1600036621094,311.9800109863281,23943000
2022-04-01,286.7900085449219,341.1600036621094,281.29998779296875,333.739990234375,19270100
2022-05-01,319.20001220703125,324.5,255.02000427246094,286.54998779296875,23419200
2022-06-01,303.70001220703125,335.2900085449219,286.30999755859375,321.989990234375,19354400
2022-07-01,367.5,369.25,294.2900085449219,302.25,16336800
2022-08-01,346.0199890136719,391.1700134277344,341.6199951171875,364.1700134277344,24654000
2022-09-01,305.510009765625,342.5299987792969,299.6700134277344,341.260009765625,24639200
2022-10-01,292.54998779296875,326.1099853515625,267.0,308.7900085449219,24616200
2022-11-01,339.5400085449219,340.6099853515625,269.8800048828125,297.45001220703125,17567900
2022-12-01,319.2900085449219,363.989990234375,314.9200134277344,362.5899963378906,20159300
2023-01-01,353.75,359.8699951171875,312.25,323.0,12647200
2023-02-01,363.760009765625,379.760009765625,347.9700012207031,353.6700134277344,17509100
2023-03-01,386.25,386.7200012207031,350.5799865722656,363.19000244140625,19060100
2023-04-01,371.32000732421875,392.7900085449219,360.3699951171875,385.17999267578125,12059400
2023-05-01,454.9599914550781,468.0299987792969,365.4599914550781,370.760009765625,25237200
2023-06-01,435.4100036621094,460.8699951171875,416.8699951171875,446.5299987792969,23342000
2023-07-01,451.79998779296875,465.6700134277344,425.4100036621094,431.5199890136719,17735200
2023-08-01,458.8900146484375,463.9700012207031,418.510009765625,448.1400146484375,16202800
2023-09-01,458.9700012207031,471.94000244140625,440.6199951171875,460.0,15981000
2023-10-01,469.44000244140625,502.6600036621094,448.260009765625,461.19000244140625,16638200
2023-11-01,543.22998046875,564.780029296875,468.0,470.70001220703125,18266500
2023-12-01,514.9099731445312,573.77001953125,510.739990234375,543.5599975585938,21895500
2024-01-01,533.3499755859375,554.5700073242188,477.6499938964844,507.95001220703125,36300000
2024-02-01,573.72998046875,629.3800048828125,527.030029296875,534.0,24184800
2024-03-01,571.5,616.5399780273438,546.9099731445312,572.5599975585938,20583000
2024-04-01,530.5900268554688,592.7100219726562,508.19000244140625,578.0700073242188,20548500
2024-05-01,560.7999877929688,605.4500122070312,512.1199951171875,528.1699829101562,18394800
2024-06-01,595.0599975585938,622.989990234375,549.969970703125,564.97998046875,16493100
2024-07-01,558.3200073242188,624.7999877929688,522.1900024414062,594.7899780273438,17577300
2024-08-01,519.5800170898438,585.6699829101562,474.57000732421875,556.0399780273438,25198600
2024-09-01,506.3900146484375,525.489990234375,457.5199890136719,514.1500244140625,24965500
2024-10-01,513.6099853515625,550.5900268554688,489.45001220703125,507.5400085449219,21912800
2024-11-01,558.489990234375,574.6400146484375,508.8299865722656,508.8299865722656,16216700
2024-12-01,485.3599853515625,592.989990234375,478.8399963378906,555.9299926757812,28633200
2025-01-01,525.47998046875,556.3099975585938,479.0,494.0400085449219,22356000
2025-02-01,457.2799987792969,545.6500244140625,448.1099853515625,511.69000244140625,22310900
2025-03-01,428.8500061035156,467.7300109863281,423.0799865722656,463.57000732421875,28806200
2025-04-01,459.010009765625,462.42999267578125,365.739990234375,430.1099853515625,30479200
2025-05-01,463.9800109863281,521.0999755859375,437.69000244140625,462.4700012207031,29031200
2025-06-01,512.6799926757812,521.6900024414062,452.489990234375,459.9200134277344,23870600
2025-07-01,633.469970703125,651.72998046875,506.0799865722656,509.2200012207031,53414400
2025-08-01,603.52001953125,636.6099853515625,593.0,617.5499877929688,21980600
2025-09-01,493.3900146484375,615.7899780273438,380.8399963378906,589.0499877929688,100835100
2025-10-01,453.82000732421875,495.7200012207031,432.0,488.75,47658500
2025-11-01,418.010009765625,452.510009765625,376.17999267578125,451.8399963378906,42401900
2025-12-01,469.7200012207031,484.6000061035156,429.20001220703125,446.0,49170400
2026-01-01,465.1199951171875,535.2000122070312,463.2099914550781,478.94000244140625,36561800
2026-02-01,414.0,471.20001220703125,404.5299987792969,460.69000244140625,52968800
2026-03-01,396.4800109863281,447.7099914550781,379.5,413.3699951171875,46877800
2026-04-01,482.6000061035156,502.2799987792969,386.5899963378906,403.29998779296875,34620900
2026-05-01,475.6199951171875,539.47998046875,469.3699951171875,491.1600036621094,37149900
2026-06-01,446.07000732421875,508.7200012207031,438.5299987792969,484.07000732421875,46479000
2026-07-01,373.4700012207031,464.4599914550781,366.0,454.0,32184745
